Country,1990,1991,1992,1993,1994,1995,1996,1997,1998,1999,2000,2001,2002,2003,2004,2005,2006,2007,2008,2009,2010,2011,2012,2013,2014,2015,2016
Algeria," 1,058.89 "," 1,782.26 ", 862.27 ," 1,470.03 "," 1,697.68 ", 897.74 ," 1,229.07 "," 1,461.02 ", 475.40 ," 2,227.75 "," 1,778.85 "," 1,454.68 "," 1,852.26 "," 1,752.31 "," 2,159.30 "," 1,891.63 "," 1,836.23 "," 1,968.36 "," 2,117.54 "," 2,066.22 "," 2,021.45 "," 1,942.38 "," 2,117.00 "," 2,125.00 "," 2,154.00 "," 2,159.00 "," 2,323.00 "
Botswana, 12.97 , 11.54 , 18.10 , 22.07 , 20.42 , 9.25 , 26.43 , 13.26 , 29.54 , 37.43 , 20.74 , 17.49 , 17.76 , 35.43 , 34.16 , 35.04 , 17.96 , 12.51 , 33.30 , 24.21 , 22.02 , 23.35 , 31.00 , 22.00 , 21.00 , 33.00 , 23.00 
Burkina Faso, 5.53 , 7.05 , 1.89 , 7.07 , 8.43 , 13.12 , 11.42 , 12.01 , 16.35 , 22.18 , 13.84 , 10.56 , 14.61 , 32.07 , 26.16 , 20.79 , 4.57 , 32.58 , 20.58 , 38.25 , 60.26 , 70.14 , 65.00 , 78.00 , 83.00 , 128.00 , 92.00 
Cape Verde, 1.67 , 7.12 , 17.50 , 9.97 , 8.03 , 12.59 , 13.05 , 7.71 , 8.74 , 9.23 , 9.80 , 9.76 , 9.25 , 10.69 , 13.88 , 10.52 , 10.85 , 9.72 , 11.26 , 10.65 , 11.34 , 10.56 , 12.00 , 12.00 , 11.00 , 11.00 , 12.00 
Chad, 0.20 , 0.20 , 0.20 , 0.20 , 2.41 , 1.44 , 1.78 , 1.05 , 0.26 , 0.26 , 1.52 , 0.33 , 0.14 , 5.20 , 1.92 , 3.53 , 3.61 , 4.32 , 4.24 , 3.68 , 3.63 , 0.31 , -   , -   , -   , 1.00 , 1.00 
Comoros, -   , -   , 0.08 , 0.21 , 0.06 , 0.02 , 0.08 , 0.14 , 0.05 , 0.11 , 0.06 , 0.08 , 0.21 , 0.14 , 0.19 , 0.27 , 0.29 , 0.14 , 0.17 , 0.25 , 0.44 , 0.63 , 2.00 , -   , -   , -   , 1.00 
Djibouti, 0.47 , 0.40 , 0.59 , 0.93 , 0.54 , 0.38 , 0.34 , 0.16 , 0.18 , 0.13 , 0.20 , 0.83 , 2.99 , 4.75 , 2.86 , 27.61 , 12.38 , 21.26 , 13.81 , 16.82 , 10.46 , 8.92 , 4.00 , 26.00 , 21.00 , 32.00 , 26.00 
Egypt, 85.57 , 107.91 , 133.28 , 107.71 , 92.06 , 125.32 , 150.20 , 213.65 , 116.17 , 140.65 , 95.15 , 79.09 , 111.51 , 107.64 , 117.68 , 125.68 , 115.99 , 151.01 , 386.12 , 323.49 , 297.27 , 438.91 , 695.00 ," 1,036.00 ", 593.00 , 726.00 , 918.00 
Gambia, 0.30 , 0.30 , 0.30 , 0.30 , 0.30 , 0.20 , 0.20 , 0.20 , 0.10 , 0.10 , 0.08 , 0.17 , 0.93 , 2.59 , 1.84 , 3.84 , 4.08 , 6.02 , 5.93 , 3.98 , 2.81 , 9.25 , 11.00 , 13.00 , 6.00 , 10.00 , 8.00 
Guinea-Bissau, 0.04 , 0.08 , 0.18 , 0.13 , 0.11 , 0.45 , 0.19 , 0.20 , 0.43 , 0.65 , 0.43 , 0.19 , 0.39 , 0.43 , 0.02 , 0.48 , 0.54 , 0.36 , 0.80 , 0.90 , 0.94 , 1.03 , 1.00 , 1.00 , 1.00 , 2.00 , 2.00 
Lesotho, 8.00 , 7.00 , 11.00 , 21.67 , 20.00 , 10.00 , 3.50 , 3.67 , 4.17 , 3.33 , 2.50 , 2.00 , 1.67 , 4.89 , 3.21 , 0.83 , 0.65 , 0.83 , 0.79 , 1.96 , 2.70 , 5.21 , 6.00 , 1.00 , 4.00 , 4.00 , 4.00 
Libya, 118.63 , 128.79 , 132.09 , 98.54 , 44.28 , 57.75 , 22.32 , 11.53 , 40.79 , 78.00 , 19.62 , 46.54 , 63.51 , 21.76 , 67.55 , 42.00 , 37.46 , 36.03 , 65.99 , 71.93 , 162.84 , 62.75 , 191.00 , 235.00 , 197.00 , 214.00 , 175.00 
Mali, 14.31 , 13.86 , 14.59 , 15.76 , 15.76 , 16.16 , 12.19 , 13.45 , 18.70 , 13.01 , 19.06 , 20.58 , 29.88 , 41.33 , 18.08 , 18.02 , 14.72 , 33.61 , 30.98 , 32.10 , 67.91 , 50.45 , 24.00 , 30.00 , 24.00 , 47.00 , 55.00 
Mauritania, 0.17 , 0.47 , 0.62 , 0.56 , 0.64 , 0.01 , 0.06 , 0.29 , 3.35 , 0.10 , 0.39 , 10.17 , 8.99 , 9.41 , 12.53 , 11.82 , 4.39 , 2.01 , 4.04 , 5.39 , 4.15 , 5.13 , 5.00 , 10.00 , 7.00 , 12.00 , 13.00 
Mauritius, 0.92 , 0.79 , 0.88 , 1.55 , 1.78 , 1.45 , 1.37 , 1.66 , 2.44 , 3.17 , 5.69 , 3.20 , 10.18 , 14.18 , 6.13 , 7.01 , 7.68 , 7.02 , 6.77 , 9.83 , 6.50 , 13.01 , 12.00 , 18.00 , 14.00 , 11.00 , 17.00 
Morocco, 359.51 , 334.74 , 384.32 , 343.35 , 365.29 , 334.98 , 376.88 , 451.91 , 459.99 , 444.03 , 586.46 , 566.09 , 628.55 , 556.48 , 508.68 , 493.52 , 557.01 , 601.90 , 542.97 , 670.21 , 581.96 , 573.13 , 738.00 , 721.00 , 630.00 , 662.00 , 676.00 
Mozambique, 0.20 , 0.60 , 0.20 , 0.20 , 0.40 , 0.60 , 0.79 , 1.39 , 1.19 , 2.18 , 5.21 , 0.50 , 0.89 , 0.29 , 1.66 , 1.92 , 2.09 , 4.04 , 6.03 , 3.89 , 3.51 , 5.68 , 3.00 , 7.00 , 11.00 , 8.00 , 13.00 
Namibia, -   , 0.60 , 0.60 , 0.20 , 0.20 , 0.79 , 1.83 , 38.68 , 29.15 , 18.86 , 21.24 , 17.04 , 15.51 , 20.38 , 41.41 , 35.59 , 36.18 , 21.77 , 22.15 , 57.73 , 50.28 , 47.04 , 26.00 , 31.00 , 38.00 , 53.00 , 30.00 
Niger, 2.29 , 1.09 , 0.79 , 8.91 , 6.01 , 8.61 , 5.49 , 10.20 , 11.12 , 7.11 , 9.41 , 10.51 , 17.47 , 9.61 , 12.99 , 11.39 , 20.93 , 29.00 , 25.72 , 27.65 , 13.23 , 18.95 , 18.00 , 24.00 , 24.00 , 25.00 , 12.00 
Sao Tome and Principe, -   , 0.00 , 0.01 , 0.02 , 0.01 , 0.01 , 0.04 , 0.02 , 0.01 , 0.04 , -   , 0.00 , 0.04 , 0.09 , 0.00 , 0.02 , 0.12 , 0.05 , 0.03 , 0.25 , 0.00 , 0.04 , -   , -   , -   , -   , -   
Senegal, 63.17 , 53.47 , 54.86 , 34.45 , 10.11 , 20.19 , 11.19 , 26.79 , 33.12 , 35.96 , 33.71 , 39.24 , 41.21 , 56.90 , 35.37 , 45.74 , 49.76 , 43.57 , 39.62 , 53.68 , 33.20 , 43.49 , 41.00 , 50.00 , 58.00 , 84.00 , 157.00 
Seychelles, 0.42 , 0.32 , 0.70 , 0.77 , 0.83 , 0.89 , 0.75 , 1.07 , 0.50 , 0.70 , 1.01 , 0.37 , 0.70 , 0.54 , 0.81 , 0.68 , 0.82 , 1.20 , 9.99 , 9.28 , 12.79 , 1.99 , 1.00 , 1.00 , 2.00 , 4.00 , 4.00 
Somalia, 8.00 , 0.03 , 0.27 , 0.14 , 0.05 , 0.28 , -   , 0.01 , -   , 0.44 , 0.35 , 0.13 , 1.65 , 0.88 , 1.14 , 4.19 , 1.79 , 1.41 , 2.04 , 0.17 , 0.10 , 0.52 , 2.00 , 2.00 , -   , 2.00 , 1.00 
"South Africa, Rep.of", 286.50 , 281.88 , 337.60 , 402.93 , 344.65 , 324.12 , 327.95 , 322.98 , 351.42 , 333.90 , 412.78 , 337.24 , 370.39 , 401.52 , 436.28 , 476.81 , 567.42 , 464.52 , 573.66 , 417.17 , 592.96 , 573.28 , 542.00 , 545.00 , 635.00 , 697.00 , 644.00 
Sudan, 55.50 , 130.30 , 103.33 , 69.77 , 71.97 , 80.33 , 106.62 , 100.35 , 135.72 , 160.59 , 128.51 , 177.78 , 223.64 , 118.65 , 390.48 , 399.10 , 362.65 , 500.52 , 579.49 , 564.59 , 659.50 , 572.41 , 412.00 , 796.00 , 690.00 , 594.00 , 641.00 
Swaziland, 5.00 , 5.00 , 13.05 , 16.47 , 5.15 , 3.00 , 2.29 , 7.03 , 9.85 , 8.91 , 22.65 , 10.73 , 19.32 , 59.28 , 18.37 , 17.40 , 10.44 , 19.27 , 22.25 , 22.25 , 22.25 , 7.39 , 7.00 , 26.00 , 9.00 , 16.00 , 12.00 
Afghanistan, 0.25 , 0.25 , 0.25 , 0.25 , 0.25 , 0.25 , 0.87 , 2.90 , 1.00 , 1.50 , 2.93 , 3.43 , 0.96 , 4.25 , 1.13 , 2.59 , 2.01 , 3.40 , 9.68 , 5.71 , 9.66 , 1.04 , 5.00 , 3.00 , 8.00 , 12.00 , 11.00 
Armenia, -   , -   , 2.50 , 2.50 , 2.60 , 30.64 , 54.21 , 58.75 , 104.33 , 115.94 , 135.79 , 181.50 , 183.44 , 178.85 , 210.59 , 197.63 , 170.93 , 187.79 , 212.08 , 183.80 , 201.40 , 191.49 , 188.00 , 207.00 , 194.00 , 201.00 , 207.00 
Australia, 745.91 , 788.98 , 850.73 , 802.01 , 843.79 , 808.09 , 844.57 , 898.57 , 928.57 , 976.61 , 921.42 , 898.34 ," 1,120.59 "," 1,003.79 "," 1,004.19 "," 1,199.50 "," 1,173.97 "," 1,197.35 "," 1,278.67 "," 1,362.36 "," 1,513.54 "," 1,563.97 "," 1,766.00 "," 1,667.00 "," 1,681.00 "," 1,920.00 "," 1,881.00 "
Azerbaijan, -   , -   , 2.00 , 2.00 , 4.37 , 0.73 , 1.33 , 0.76 , 0.13 , 1.54 , 1.15 , 1.94 , 1.45 , 2.18 , 9.90 , 19.46 , 1.63 , 2.71 , 3.89 , 4.06 , 6.35 , 8.48 , 12.00 , 12.00 , 11.00 , 13.00 , 16.00 
Bahrain, 7.21 , 8.26 , 10.57 , 7.73 , 4.77 , 6.19 , 5.11 , 5.00 , 6.88 , 5.69 , 5.86 , 6.88 , 5.87 , 7.40 , 10.68 , 12.33 , 12.70 , 15.51 , 12.83 , 9.15 , 9.58 , 12.03 , 9.00 , 15.00 , 31.00 , 22.00 , 21.00 
Bangladesh, 0.04 , 0.13 , 0.27 , 1.32 , 0.57 , 4.29 , 1.28 , 1.34 , 10.00 , 2.74 , 3.11 , 10.93 , 4.13 , 5.94 , 6.59 , 5.11 , 6.23 , 9.35 , 10.93 , 6.83 , 6.74 , 12.48 , 9.00 , 9.00 , 16.00 , 19.00 , 23.00 
Brunei Darussalam, 8.43 , 10.13 , 7.94 , 10.54 , 8.66 , 16.05 , 20.01 , 29.03 , 19.59 , 12.23 , 18.16 , 14.40 , 21.81 , 24.26 , 20.86 , 21.15 , 25.78 , 37.98 , 30.60 , 33.57 , 37.24 , 45.92 , 47.00 , 47.00 , 46.00 , 59.00 , 57.00 
Cambodia, -   , -   , 0.43 , 0.43 , 6.80 , 3.90 , 1.40 , 1.20 , 0.99 , 2.25 , 1.46 , 0.76 , 0.69 , 1.33 , 1.72 , 3.43 , 3.40 , 1.66 , 2.20 , 2.03 , 4.99 , 47.32 , 95.00 , 58.00 , 25.00 , 24.00 , 36.00 
"China, People's Republic of", 188.38 , 249.01 , 302.97 , 227.30 , 229.24 , 154.05 , 365.40 , 204.82 , 232.07 , 237.78 , 238.62 , 296.99 , 313.19 , 359.85 , 396.54 , 425.27 , 505.16 , 534.51 , 591.66 , 617.82 , 783.51 ," 1,066.00 "," 1,397.00 "," 1,234.00 "," 1,540.00 "," 1,518.00 "," 2,087.00 "
Cook Islands, -   , 0.06 , 0.08 , 0.05 , 0.01 , 0.02 , 0.02 , 0.01 , 0.07 , 0.04 , 0.03 , 0.02 , 0.05 , 0.05 , 0.07 , 0.11 , 0.15 , 0.13 , 0.45 , 0.05 , 0.11 , 0.05 , -   , 1.00 , 1.00 , 1.00 , 1.00 
Fiji, 1.60 , 1.46 , 1.58 , 2.64 , 1.95 , 4.31 , 3.10 , 2.14 , 2.03 , 2.84 , 2.36 , 8.34 , 11.21 , 2.68 , 3.61 , 6.66 , 1.87 , 2.02 , 0.95 , 1.85 , 1.97 , 1.42 , 1.00 , 2.00 , 2.00 , 2.00 , 2.00 
"Iran, Islamic Rep. of", 3.55 , 5.11 , 2.31 , 5.43 , 0.92 , 0.20 , 0.01 , 0.45 , 2.11 , 2.06 , 2.53 , 7.41 , 4.13 , 12.84 , 32.53 , 43.13 , 61.07 , 35.82 , 69.81 , 66.56 , 145.62 , 137.22 , 156.00 , 108.00 , 82.00 , 102.00 , 161.00 
Iraq, 8.33 , 0.19 , -   , 0.30 , 0.30 , 0.76 , 1.35 , 2.35 , 0.47 , 3.35 , 1.45 , 9.44 , 4.91 , 7.13 , 10.07 , 9.12 , 6.13 , 17.11 , 23.76 , 14.00 , 10.58 , 19.92 , 22.00 , 53.00 , 37.00 , 33.00 , 53.00 
Israel, 272.70 , 340.57 , 453.35 , 468.98 , 478.51 , 449.97 , 461.01 , 462.46 , 522.85 , 451.98 , 357.03 , 429.98 , 394.38 , 431.38 , 460.61 , 504.97 , 593.13 , 586.79 , 592.93 , 513.60 , 657.49 , 647.79 , 662.00 , 639.00 , 592.00 , 620.00 , 599.00 
Jordan, 50.82 , 63.77 , 106.08 , 47.14 , 46.99 , 78.05 , 81.25 , 94.78 , 128.23 , 118.74 , 174.16 , 158.63 , 204.47 , 161.97 , 222.13 , 159.40 , 189.12 , 232.25 , 256.94 , 336.09 , 356.38 , 326.45 , 405.00 , 550.00 , 566.00 , 564.00 , 636.00 
Kazakhstan, -   , -   , 0.65 , 4.33 , 9.10 , 10.98 , 3.01 , 2.77 , 21.20 , 10.46 , 18.60 , 33.11 , 34.92 , 56.87 , 66.28 , 66.03 , 111.73 , 163.72 , 150.87 , 184.36 , 158.27 , 132.76 , 132.00 , 138.00 , 131.00 , 128.00 , 145.00 
Kiribati, 0.13 , 0.20 , 0.13 , 0.20 , 0.20 , 0.20 , 0.36 , 0.20 , 0.20 , 0.53 , 0.70 , 0.20 , 3.09 , 0.59 , 0.36 , 0.74 , 1.97 , 2.78 , 0.60 , 0.42 , 0.20 , 0.24 , -   , -   , 1.00 , -   , 1.00 
"Korea, Dem. People's Rep. of", 0.14 , 0.29 , 0.23 , 1.55 , 0.64 , 1.76 , 0.79 , 0.18 , 0.43 , 0.80 , 24.57 , 29.47 , 26.70 , 7.93 , 26.55 , 20.40 , 9.10 , 25.81 , 2.94 , 4.27 , 15.63 , 20.31 , 7.00 , 15.00 , 44.00 , 47.00 , 20.00 
"Korea, Rep. of", 895.73 , 864.93 ," 1,003.55 "," 1,079.28 "," 1,184.88 "," 1,102.77 ", 996.90 ," 1,178.66 "," 1,071.16 "," 1,138.37 "," 1,316.39 "," 1,330.81 "," 1,412.33 "," 1,402.65 "," 1,500.87 "," 1,536.82 "," 1,572.28 "," 1,586.80 "," 1,845.37 "," 1,798.75 "," 2,010.68 "," 2,345.79 "," 2,106.00 "," 2,141.00 "," 2,419.00 "," 2,518.00 "," 2,780.00 "
Kuwait, 20.70 , 18.55 , 44.87 , 33.62 , 32.90 , 40.38 , 45.62 , 38.09 , 51.07 , 55.99 , 52.05 , 77.43 , 87.02 , 72.51 , 73.10 , 89.73 , 59.99 , 61.77 , 74.76 , 72.24 , 72.05 , 82.90 , 101.00 , 96.00 , 156.00 , 164.00 , 222.00 
Kyrgyz Republic, -   , -   , 2.00 , 0.62 , 0.29 , 0.19 , 0.07 , 1.60 , 5.45 , 1.80 , 0.12 , 0.03 , 0.69 , 3.28 , 4.80 , 5.62 , 7.49 , 7.29 , 7.98 , 13.69 , 16.61 , 21.46 , 19.00 , 17.00 , 20.00 , 21.00 , 40.00 
Lebanon, 166.67 , 266.67 , 350.00 , 250.00 , 216.67 , 300.00 , 300.00 , 255.27 , 305.98 , 282.77 , 275.02 , 424.53 , 322.62 , 314.93 , 414.61 , 356.57 , 315.63 , 435.53 , 397.13 , 421.96 , 460.87 , 432.40 , 451.00 , 647.00 , 612.00 , 646.00 , 639.00 
Malaysia, 178.94 , 201.08 , 214.16 , 211.70 , 231.16 , 313.94 , 407.22 , 415.88 , 304.54 , 393.13 , 510.32 , 630.31 , 667.80 , 546.41 , 761.28 , 508.99 , 767.87 , 970.04 ," 1,014.14 ", 868.04 ," 1,243.57 "," 1,586.66 "," 1,742.00 "," 1,957.00 "," 1,823.00 "," 1,844.00 "," 1,948.00 "
"Micronesia, Fed. States of", -   , -   , -   , -   , -   , 1.17 , 0.05 , 1.30 , 0.23 , 1.17 , 1.24 , 3.16 , 3.65 , 3.03 , 3.32 , 2.93 , 3.61 , 3.77 , 6.35 , 8.78 , 4.01 , 3.83 , 5.00 , 6.00 , 5.00 , 5.00 , 4.00 
Mongolia, 0.29 , -   , 0.17 , 0.06 , 0.90 , 0.87 , 2.28 , 1.43 , 3.09 , 1.49 , 1.33 , 4.82 , 14.34 , 5.06 , 9.39 , 10.84 , 12.17 , 7.93 , 10.01 , 8.78 , 11.29 , 15.82 , 14.00 , 22.00 , 24.00 , 26.00 , 27.00 
Myanmar, 0.01 , 0.16 , 1.09 , 0.03 , 1.29 , 2.14 , 0.88 , 0.05 , 0.03 , 0.02 , 0.02 , 57.21 , 54.91 , 61.62 , 81.66 , 63.93 , 82.81 , 109.26 , 158.85 , 194.71 , 314.88 , 257.35 , 353.00 , 189.00 , 202.00 , 210.00 , 172.00 
New Zealand, 134.01 , 127.12 , 135.16 , 150.29 , 147.48 , 149.47 , 156.56 , 162.93 , 190.32 , 170.68 , 189.60 , 196.92 , 204.92 , 221.85 , 236.40 , 243.49 , 259.73 , 258.87 , 262.26 , 281.88 , 280.26 , 271.37 , 286.00 , 323.00 , 329.00 , 359.00 , 348.00 
Oman, 35.65 , 52.26 , 59.29 , 34.41 , 39.80 , 55.06 , 41.25 , 46.30 , 57.21 , 56.29 , 74.99 , 59.99 , 45.07 , 64.07 , 59.99 , 57.82 , 54.65 , 61.38 , 67.03 , 69.36 , 55.50 , 74.11 , 88.00 , 115.00 , 115.00 , 102.00 , 99.00 
Pakistan, 3.32 , 1.65 , 5.18 , 1.24 , 1.02 , 4.15 , 5.29 , 1.39 , 0.51 , 1.54 , 2.08 , 3.06 , 1.66 , 5.95 , 8.53 , 7.59 , 8.42 , 8.01 , 10.81 , 9.87 , 9.57 , 7.50 , 5.00 , 17.00 , 18.00 , 13.00 , 12.00 
Qatar, 5.18 , 10.58 , 10.67 , 4.72 , 6.73 , 16.15 , 13.28 , 12.12 , 10.64 , 21.23 , 15.21 , 19.02 , 20.10 , 23.69 , 20.81 , 31.70 , 23.28 , 32.43 , 45.01 , 53.85 , 58.19 , 42.26 , 49.00 , 46.00 , 44.00 , 55.00 , 75.00 
Samoa, 1.04 , 0.39 , 0.47 , 0.69 , 0.10 , 0.08 , 0.63 , 0.04 , 0.12 , 0.13 , 0.08 , 0.08 , 0.03 , 0.12 , 0.20 , 0.28 , 0.39 , 0.25 , 3.10 , 2.64 , 4.69 , 4.46 , 7.00 , 9.00 , 12.00 , 14.00 , 16.00 
Saudi Arabia, 275.05 , 343.12 , 231.87 , 144.23 , 106.94 , 290.59 , 281.12 , 214.73 , 343.90 , 364.85 , 412.75 , 389.23 , 453.66 , 474.20 , 566.13 , 596.26 , 643.84 , 757.96 , 830.55 , 853.94 , 955.34 ," 1,029.58 "," 1,215.00 "," 1,332.00 "," 1,383.00 "," 1,684.00 "," 1,371.00 "
Singapore," 1,214.44 "," 1,099.47 "," 1,552.27 "," 1,614.57 "," 1,770.22 "," 1,041.06 ", 862.12 ," 1,100.20 ", 697.99 , 869.67 , 944.15 ," 1,051.88 "," 1,118.79 ", 990.62 ," 1,392.85 "," 1,263.50 "," 1,014.75 ", 879.44 , 767.02 , 581.95 , 624.48 , 643.50 , 761.00 , 681.00 , 767.00 , 874.00 , 681.00 
Solomon Islands, 0.34 , 0.28 , 0.17 , 0.17 , 0.17 , 0.17 , 0.17 , 2.42 , 2.10 , 2.10 , 2.10 , 2.10 , 0.96 , 0.61 , 1.91 , 1.24 , 2.34 , 1.34 , 1.95 , 1.88 , 4.26 , 4.56 , 6.00 , 2.00 , 9.00 , 10.00 , 3.00 
Syrian Arab Republic, 26.25 , 166.08 , 180.83 , 228.97 , 185.38 , 200.04 , 218.57 , 209.49 , 268.24 , 276.79 , 221.31 , 640.79 , 450.13 , 207.95 , 343.84 , 407.64 , 266.25 , 593.79 , 346.67 , 725.11 , 501.48 , 604.73 , 478.00 , 437.00 , 463.00 , 423.00 , 403.00 
Taiwan, 146.06 , 183.87 , 173.47 , 156.72 , 212.88 , 166.43 , 209.52 , 253.94 , 268.22 , 318.09 , 402.15 , 442.72 , 478.35 , 490.86 , 360.50 , 324.58 , 295.28 , 358.08 , 319.07 , 359.96 , 453.22 , 469.79 , 476.00 , 557.00 , 583.00 , 667.00 , 698.00 
Tonga, 0.14 , 0.25 , 0.22 , 0.30 , 0.42 , 0.20 , 0.43 , 0.23 , 0.32 , 0.37 , 0.84 , 1.11 , 0.78 , 0.65 , 0.35 , 0.72 , 1.07 , 3.40 , 1.46 , 2.02 , 1.67 , 1.81 , 2.00 , 2.00 , 1.00 , 1.00 , 1.00 
Turkey, 140.37 , 164.59 , 171.27 , 219.62 , 142.39 , 201.01 , 251.85 , 252.98 , 295.81 , 268.03 , 291.64 , 294.28 , 363.15 , 372.24 , 410.74 , 472.43 , 509.35 , 530.01 , 499.66 , 533.63 , 625.37 , 656.46 , 723.00 , 842.00 , 987.00 ," 1,249.00 "," 1,192.00 "
United Arab Emirates, 79.27 , 93.76 , 116.55 , 102.92 , 93.70 , 114.97 , 137.80 , 124.85 , 174.65 , 160.41 , 189.21 , 246.83 , 241.27 , 224.79 , 299.02 , 356.72 , 317.69 , 324.14 , 319.93 , 345.39 , 296.14 , 349.94 , 369.00 , 468.00 , 463.00 , 530.00 , 606.00 
Vanuatu, 0.41 , 0.27 , 0.58 , 0.35 , 0.45 , 0.32 , 0.42 , 0.53 , 0.21 , 0.29 , 0.92 , 0.39 , 0.42 , 1.92 , 0.36 , 0.99 , 0.39 , 1.34 , 1.27 , 0.81 , 1.57 , 1.56 , 1.00 , 2.00 , 2.00 , 1.00 , 2.00 
Anguilla, 0.01 , 0.06 , 0.08 , 0.33 , 0.30 , 0.04 , 0.03 , 0.35 , 0.84 , 0.67 , 0.76 , 0.76 , 0.88 , 0.74 , 0.69 , 0.47 , 0.53 , 0.41 , 0.61 , 0.92 , 0.98 , 0.90 , 1.00 , 1.00 , 1.00 , 1.00 , 1.00 
Antigua and Barbuda, 0.72 , 0.60 , 0.30 , 0.26 , 0.32 , 0.33 , 0.11 , 1.10 , 0.17 , 0.19 , 1.02 , 1.09 , 0.45 , 0.69 , 0.55 , 1.10 , 1.14 , 1.38 , 1.34 , 1.71 , 1.95 , 3.44 , 3.00 , 2.00 , 2.00 , 3.00 , 2.00 
Aruba, 16.22 , 4.99 , 1.54 , 5.30 , 7.39 , 7.05 , 5.32 , 5.17 , 5.17 , 15.34 , 11.53 , 13.11 , 10.98 , 11.89 , 10.08 , 10.57 , 11.75 , 11.18 , 8.57 , 3.46 , 1.82 , 1.64 , 2.00 , 2.00 , 4.00 , 5.00 , 3.00 
Bahamas, 8.36 , 8.50 , 7.56 , 8.25 , 15.62 , 13.31 , 11.82 , 9.48 , 6.19 , 6.25 , 13.20 , 14.91 , 12.29 , 17.39 , 15.79 , 12.89 , 12.14 , 11.66 , 17.82 , 13.74 , 14.45 , 10.31 , 15.00 , 14.00 , 13.00 , 17.00 , 13.00 
Barbados, 3.51 , 3.43 , 3.26 , 2.57 , 3.90 , 4.99 , 6.78 , 5.88 , 8.57 , 6.86 , 6.94 , 7.89 , 10.12 , 9.08 , 10.88 , 4.97 , 4.71 , 4.36 , 4.51 , 5.17 , 4.78 , 4.18 , 5.00 , 5.00 , 5.00 , 6.00 , 5.00 
Cayman Islands, 0.26 , 0.48 , 0.39 , 0.26 , 0.25 , 0.37 , 0.27 , 0.30 , 1.93 , 0.23 , 0.31 , 0.27 , 0.57 , 2.02 , 0.39 , 0.17 , 0.30 , 0.17 , 0.65 , 0.87 , 1.95 , 1.95 , 2.00 , 2.00 , 3.00 , 3.00 , 4.00 
Dominica, 0.00 , 0.51 , 0.50 , 0.28 , 0.62 , 0.18 , 2.99 , 1.07 , 0.69 , 0.49 , 1.53 , 0.62 , 1.10 , 1.75 , 1.84 , 0.74 , 0.25 , 0.30 , 0.34 , 0.44 , 0.44 , 0.40 , -   , -   , 6.00 , 1.00 , -   
Grenada, 0.65 , 0.42 , 0.29 , 0.49 , 0.49 , 0.38 , 0.86 , 0.33 , 0.62 , 0.52 , 0.66 , 0.75 , 0.76 , 0.85 , 0.56 , 0.63 , 0.68 , 0.54 , 1.03 , 0.60 , 0.98 , 1.06 , 1.00 , 1.00 , 1.00 , 1.00 , 1.00 
Montserrat, 0.06 , 0.10 , 0.10 , 0.11 , 0.10 , 0.10 , 0.05 , -   , -   , 0.13 , 0.05 , 0.05 , 0.06 , 0.04 , 0.05 , 0.04 , 0.06 , 0.03 , 0.03 , 0.03 , 0.03 , 0.07 , -   , -   , -   , -   , -   
Netherlands Antilles, 6.68 , 8.25 , 7.35 , 9.07 , 10.29 , 8.47 , 4.29 , 7.00 , 15.49 , 15.13 , 3.73 , 4.00 , 4.10 , 2.76 , 2.74 , 6.12 , 10.08 , 6.77 , 8.20 , 8.90 , 6.21 , 5.02 , 5.00 , 7.00 , 6.00 , 6.00 , 6.00 
Puerto Rico, 8.82 , 25.56 , 14.11 , 14.91 , 19.90 , 6.78 , 16.42 , 10.83 , 98.84 , 168.04 , 134.09 , 72.07 , 112.79 , 78.76 , 100.23 , 114.49 , 54.76 , 51.55 , 105.29 , 158.08 , 164.05 , 122.07 , 177.00 , 166.00 , 199.00 , 191.00 , 185.00 
Saint Kitts and Nevis, 0.43 , 1.30 , 1.30 , 0.43 , 0.43 , 0.43 , 0.43 , 0.43 , 0.36 , 0.15 , 0.29 , 0.37 , 0.35 , 0.50 , 0.30 , 0.19 , 0.22 , 0.21 , 0.54 , 0.66 , 0.39 , 0.44 , 1.00 , 1.00 , -   , -   , -   
Saint Lucia, 1.97 , 3.06 , 1.53 , 1.79 , 2.14 , 1.63 , 2.28 , 2.77 , 2.97 , 2.37 , 2.37 , 3.00 , 1.29 , 2.42 , 3.49 , 2.33 , 1.88 , 2.26 , 2.04 , 1.37 , 1.80 , 0.97 , 3.00 , 2.00 , 2.00 , 2.00 , 2.00 
Saint Vincent & the Grenadines, 0.07 , 0.31 , 0.76 , 0.64 , 0.37 , 0.65 , 0.54 , 0.62 , 0.94 , 0.80 , 0.94 , 0.97 , 1.31 , 1.09 , 0.50 , 0.31 , 0.34 , 0.57 , 0.68 , 0.31 , 0.35 , 0.24 , -   , -   , 1.00 , 1.00 , 1.00 
Virgin Islands (UK), 0.04 , 0.02 , -   , 0.03 , 0.00 , 0.01 , 0.05 , 0.04 , 1.96 , 0.02 , 1.03 , 0.93 , -   , 0.01 , 0.02 , 0.01 , 0.02 , 0.38 , 0.01 , 0.54 , 2.75 , 0.23 , -   , -   , -   , -   , -   
Belize, 4.52 , 4.86 , 5.42 , 5.48 , 5.61 , 9.60 , 9.62 , 14.79 , 10.73 , 7.45 , 13.50 , 9.15 , 11.06 , 1.30 , 1.87 , 0.65 , 3.38 , 2.27 , 1.59 , 1.81 , 2.41 , 2.41 , 4.00 , 6.00 , 9.00 , 14.00 , 14.00 
Bermuda, 4.06 , 4.56 , 4.58 , 4.13 , 4.12 , 3.97 , 6.63 , 4.05 , 4.05 , 4.63 , 4.63 , 4.63 , 8.01 , 0.98 , 1.28 , 1.94 , 2.79 , 1.36 , 1.49 , 2.32 , 2.67 , 4.50 , 4.00 , 6.00 , 10.00 , 8.00 , 5.00 
Albania, 28.42 , 9.28 , 33.33 , 59.69 , 67.80 , 31.30 , 11.27 , 1.65 , 6.25 , 42.14 , 71.32 , 77.21 , 71.47 , 76.16 , 68.86 , 67.48 , 103.34 , 112.72 , 115.35 , 122.17 , 113.65 , 116.81 , 123.00 , 131.00 , 123.00 , 143.00 , 154.00 
Belarus, -   , -   , 5.50 , 10.00 , 30.00 , 64.22 , 28.26 , 79.74 , 14.03 , 12.17 , 26.52 , 28.38 , 32.24 , 64.27 , 92.72 , 163.24 , 210.90 , 257.64 , 290.90 , 170.61 , 179.86 , 158.41 , 201.00 , 200.00 , 257.00 , 259.00 , 275.00 
Bosnia and Herzegovina, -   , -   , 36.60 , 42.70 , 18.85 , 16.45 , 21.79 , 20.04 , 314.48 , 84.37 , 64.80 , 114.16 , 182.90 , 401.47 , 394.69 , 367.92 , 410.80 , 410.08 , 407.66 , 342.34 , 316.98 , 373.27 , 397.00 , 409.00 , 392.00 , 408.00 , 405.00 
Georgia, -   , -   , -   , -   , -   , -   , -   , -   , 44.68 , 50.08 , 42.80 , 34.91 , 34.32 , 42.11 , 80.97 , 86.03 , 81.39 , 127.69 , 92.27 , 134.25 , 137.69 , 147.10 , 155.00 , 168.00 , 168.00 , 184.00 , 187.00 
Gibraltar, 2.52 , 2.50 , 1.00 , 1.00 , 0.60 , 0.67 , 1.69 , 0.88 , 0.88 , 0.17 , 0.42 , 0.12 , 2.49 , 1.03 , 0.91 , 1.04 , 1.65 , 1.36 , 0.99 , 1.23 , 0.79 , 1.89 , -   , 1.00 , -   , -   , -   
Holy See, 2.75 , 3.46 , 3.36 , 2.51 , 2.09 , 1.72 , 1.40 , 1.59 , 1.51 , 1.53 , 1.36 , 0.87 , 1.61 , 1.08 , 1.07 , 0.93 , 0.80 , 0.50 , 0.30 , 0.28 , 0.31 , 0.25 , -   , -   , -   , -   , -   
Iceland, 37.67 , 41.99 , 42.95 , 43.10 , 38.89 , 39.51 , 42.25 , 38.10 , 44.09 , 40.69 , 43.56 , 39.95 , 43.26 , 43.58 , 44.54 , 48.69 , 44.64 , 47.79 , 44.08 , 47.29 , 44.87 , 42.02 , 45.00 , 46.00 , 47.00 , 50.00 , 54.00 
"Macedonia, FYR", -   , -   , 78.76 , 51.26 , 63.29 , 69.85 , 51.39 , 53.16 , 77.08 , 62.42 , 36.67 , 90.12 , 108.00 , 126.42 , 130.53 , 135.96 , 132.21 , 144.50 , 136.40 , 146.26 , 133.42 , 135.38 , 148.00 , 156.00 , 145.00 , 147.00 , 153.00 
Moldova, -   , -   , 5.49 , 0.80 , 0.80 , 1.66 , 2.85 , 5.27 , 4.46 , 2.57 , 3.25 , 13.78 , 12.98 , 22.90 , 8.31 , 11.33 , 15.84 , 25.01 , 27.03 , 27.71 , 34.63 , 38.54 , 40.00 , 39.00 , 45.00 , 40.00 , 51.00 
Montenegro, -   , -   , -   , -   , -   , -   , -   , -   , -   , -   , -   , -   , -   , -   , -   , -   , 184.42 , 150.31 , 144.69 , 206.21 , 218.98 , 146.71 , 75.00 , 83.00 , 65.00 , 65.00 , 59.00 
Serbia, -   , -   , 482.76 , -   , -   , -   , 179.77 , 307.41 , 466.82 , 451.20 , 644.13 , 672.44 , 747.30 , 772.84 , 859.90 , 653.12 , 613.14 , 619.84 , 690.06 , 577.55 , 555.99 , 585.08 , 605.00 , 580.00 , 594.00 , 511.00 , 547.00 
Ukraine, -   , -   , 23.40 , 13.87 , 83.26 , 185.19 , 269.21 , 170.65 , 135.69 , 265.96 , 184.24 , 232.76 , 443.28 , 650.75 , 744.27 ," 1,032.53 ", 988.95 ," 1,084.62 "," 1,828.96 "," 1,541.07 "," 1,588.25 "," 1,371.74 "," 1,294.00 "," 1,403.00 "," 1,291.00 "," 1,155.00 "," 1,184.00 "
USSR," 2,099.18 "," 1,086.82 ", -   , -   , -   , -   , -   , -   , -   , -   , -   , -   , -   , -   , -   , -   , -   , -   , -   , -   , -   , -   , -   , -   , -   , -   , -   
Yugoslavia," 1,033.51 ", 638.38 , -   , -   , -   , -   , -   , -   , -   , -   , -   , -   , -   , -   , -   , -   , -   , -   , -   , -   , -   , -   , -   , -   , -   , -   , -   
Canada," 2,253.48 "," 2,356.15 "," 2,271.01 "," 2,488.92 "," 2,827.13 "," 2,509.89 "," 2,763.46 "," 2,863.89 "," 3,410.34 "," 3,315.16 "," 3,321.07 "," 3,376.95 "," 3,199.32 "," 2,984.95 "," 3,508.85 "," 3,588.62 "," 3,809.04 "," 3,902.24 "," 3,805.38 "," 3,896.48 "," 4,365.80 "," 4,542.11 "," 4,444.00 "," 4,520.00 "," 4,981.00 "," 4,698.00 "," 4,873.00 "
Argentina, 508.36 , 577.46 , 697.76 , 648.85 , 646.42 , 630.23 , 711.56 , 743.12 , 642.51 , 650.07 , 629.21 , 640.72 , 529.05 , 631.93 , 586.12 , 596.01 , 581.41 , 649.07 , 575.93 , 562.32 , 627.98 , 592.01 , 760.00 , 804.00 , 562.00 , 632.00 , 524.00 
Chile, 115.64 , 133.96 , 203.93 , 187.16 , 153.73 , 200.13 , 248.23 , 224.61 , 198.31 , 176.62 , 244.94 , 275.84 , 239.11 , 256.71 , 257.29 , 266.52 , 267.65 , 286.00 , 315.35 , 232.22 , 384.20 , 305.49 , 264.00 , 320.00 , 347.00 , 348.00 , 352.00 
Suriname, 1.94 , 7.00 , 2.93 , 3.71 , 3.46 , 8.06 , 7.69 , 10.14 , 11.18 , 6.65 , 12.13 , 10.82 , 8.91 , 9.84 , 17.31 , 13.50 , 14.33 , 14.43 , 17.05 , 16.65 , 16.21 , 15.90 , 15.00 , 19.00 , 18.00 , 16.00 , 15.00 
Uruguay, 42.26 , 30.19 , 45.54 , 32.31 , 39.98 , 38.92 , 42.06 , 41.98 , 47.83 , 45.09 , 42.71 , 57.08 , 41.33 , 47.85 , 50.62 , 53.22 , 48.43 , 58.45 , 54.85 , 55.82 , 61.69 , 63.09 , 60.00 , 60.00 , 59.00 , 60.00 , 55.00 
European Union," 45,781.00 "," 43,950.00 "," 47,618.00 "," 48,451.00 "," 48,868.00 "," 46,231.00 "," 49,312.00 "," 50,795.00 "," 52,011.00 "," 52,655.00 "," 53,051.00 "," 55,278.00 "," 56,665.00 "," 57,804.00 "," 59,988.00 "," 60,007.00 "," 64,318.00 "," 66,176.00 "," 68,391.00 "," 67,178.00 "," 69,824.00 "," 70,236.00 "," 72,263.00 "," 72,237.00 "," 76,204.00 "," 76,889.00 "," 80,559.00 "
Japan," 5,330.00 "," 5,510.00 "," 5,326.00 "," 5,691.00 "," 6,217.00 "," 5,489.00 "," 5,994.00 "," 5,921.00 "," 6,027.00 "," 6,547.00 "," 6,908.00 "," 6,996.00 "," 7,307.00 "," 6,923.00 "," 7,254.00 "," 7,408.00 "," 7,632.00 "," 7,086.00 "," 7,060.00 "," 7,090.00 "," 7,407.00 "," 7,544.00 "," 7,025.00 "," 8,381.00 "," 7,657.00 "," 8,063.00 "," 8,026.00 "
Norway, 742.00 , 761.00 , 739.00 , 693.00 , 806.00 , 662.00 , 720.00 , 684.00 , 707.00 , 790.00 , 662.00 , 716.00 , 698.00 , 691.00 , 716.00 , 753.00 , 731.00 , 780.00 , 722.00 , 724.00 , 759.00 , 795.00 , 735.00 , 781.00 , 743.00 , 800.00 , 799.00 
Russian Federation,,," 1,382.00 "," 1,795.00 "," 1,726.00 "," 1,728.00 "," 1,128.00 "," 2,185.00 "," 1,732.00 "," 1,368.00 "," 1,890.00 "," 3,057.00 "," 3,504.00 "," 3,772.00 "," 3,205.00 "," 3,336.00 "," 3,465.00 "," 4,318.00 "," 4,053.00 "," 3,553.00 "," 4,155.00 "," 4,218.00 "," 4,175.00 "," 4,410.00 "," 4,747.00 "," 4,710.00 "," 5,233.00 "
Switzerland," 1,171.00 "," 1,130.00 "," 1,101.00 "," 1,060.00 "," 1,099.00 "," 1,017.00 "," 1,112.00 ", 971.00 ," 1,112.00 "," 1,139.00 "," 1,171.00 "," 1,255.00 "," 1,217.00 "," 1,322.00 "," 1,236.00 "," 1,641.00 "," 1,503.00 "," 1,823.00 "," 1,978.00 "," 2,101.00 "," 2,318.00 "," 2,498.00 "," 2,478.00 "," 2,667.00 "," 2,643.00 "," 2,748.00 "," 2,816.00 "
Tunisia, 101.00 , 90.00 , 111.00 , 101.00 , 137.00 , 137.00 , 144.00 , 165.00 , 147.00 , 186.00 , 192.00 , 233.00 , 236.00 , 123.00 , 264.00 , 190.00 , 209.00 , 253.00 , 318.00 , 289.00 , 304.00 , 429.00 , 439.00 , 439.00 , 460.00 , 459.00 , 466.00 
USA," 21,007.00 "," 19,840.00 "," 22,939.00 "," 19,329.00 "," 16,171.00 "," 17,107.00 "," 19,445.00 "," 20,343.00 "," 21,030.00 "," 22,746.00 "," 23,767.00 "," 21,415.00 "," 21,639.00 "," 22,760.00 "," 23,184.00 "," 23,042.00 "," 23,709.00 "," 24,219.00 "," 24,277.00 "," 23,578.00 "," 24,378.00 "," 26,093.00 "," 26,056.00 "," 27,016.00 "," 27,565.00 "," 27,708.00 "," 28,838.00 "
